"id,fullName"
"145,Zdeno Chara"
"405,Jaromir Jagr"
"576,Patrick Marleau"
"939,Joe Thornton"
"1183,Jason Spezza"
"1549,Ryan Miller"
"1929,Craig Anderson"
"1971,Mike Smith"
"2101,P.A. Parenteau"
"2147,Mikko  Koivu"
"2179,Chris Kunitz"
"2180,Brooks Laich"
"2265,Josh Gorges"
"2273,Corey Perry"
"2278,Shea Weber"
"2280,Patrice Bergeron"
"2288,Dustin Brown"
"2300,Brent Burns"
"2306,Duncan Keith"
"2310,Ryan Getzlaf"
"2346,Marc-Andre Fleury"
"2378,Eric Staal"
"2383,Jeff Carter"
"2410,Braydon Coburn"
"2688,Nate Thompson"
"2704,Joel Ward"
"2865,Brian Elliott"
"2975,Zach Parise"
"3006,Mark Giordano"
"3017,Dennis Wideman"
"3047,Ryan Suter"
"3082,Kyle Quincey"
"3101,Alex Ovechkin"
"3114,Sidney Crosby"
"3116,Jaroslav Halak"
"3124,Evgeni Malkin"
"3144,Valtteri Filppula"
"3154,Brad Richardson"
"3157,Pekka Rinne"
"3161,Loui Eriksson"
"3183,Anze Kopitar"
"3187,Curtis McElhinney"
"3191,Andrew Ladd"
"3197,Jeff Glass"
"3227,James Neal"
"3231,Carey Price"
"3242,Devan Dubnyk"
"3249,Alexander Radulov"
"3250,Marc Staal"
"3256,Mark Streit"
"3257,Blake Comeau"
"3259,Alex Burrows"
"3264,Bobby Ryan"
"3301,David Backes"
"3313,Andy Greene"
"3321,Travis Zajac"
"3330,Keith Yandle"
"3343,David Krejci"
"3345,Michael Blunden"
"3367,Frans Nielsen"
"3371,Marc-Edouard Vlasic"
"3375,Thomas Greiss"
"3387,Carl Soderberg"
"3389,Danny Taylor"
"3405,Tuukka Rask"
"3422,Cody Franson"
"3423,Dan Girardi"
"3425,Kris Russell"
"3451,Joe Pavelski"
"3452,Andrej Sekera"
"3454,Trevor Lewis"
"3464,Alexander Edler"
"3467,Paul Stastny"
"3479,Phil Kessel"
"3506,Derick Brassard"
"3521,Darren Helm"
"3530,Cody McLeod"
"3533,Jonathan Bernier"
"3535,Nick Foligno"
"3539,Kris Letang"
"3541,Jordan Staal"
"3583,Jack Johnson"
"3626,Mark  Letestu"
"3634,Jonathan Quick"
"3640,Jared Boll"
"3641,Derek Dorsett"
"3648,Brian Boyle"
"3649,Erik Johnson"
"3655,Andrew Cogliano"
"3666,Nicklas Backstrom"
"3668,Anton Stralman"
"3669,Jonathan Toews"
"3683,Ryan Reaves"
"3689,Cal Clutterbuck"
"3697,Niklas Hjalmarsson"
"3699,Patric Hornqvist"
"3735,Patrick Kane"
"3750,Cory Schneider"
"3756,Artem Anisimov"
"3757,Alex Goligoski"
"3759,Semyon Varlamov"
"3760,Anton Khudobin"
"3769,Thomas Hickey"
"3773,Logan Couture"
"3774,David Schlemko"
"3775,Claude Giroux"
"3780,Milan Lucic"
"3781,Jakub Voracek"
"3791,Brandon Sutter"
"3792,David Perron"
"3797,Mikael Backlund"
"3802,Michael Frolik"
"3808,Sam Gagner"
"3809,Pierre-Cedric Labrie"
"3817,Wayne Simmonds"
"3822,James van Riemsdyk"
"3852,Brad Marchand"
"3853,Pat Maroon"
"3859,Kyle Okposo"
"3870,James Reimer"
"3879,Jay Beagle"
"3884,Nick Holden"
"3886,Mathieu Perreault"
"3892,Kyle Turris"
"3927,Alec Martinez"
"3937,Antti Niemi"
"3938,Nathan Gerbe"
"3946,Lars Eller"
"3961,Blake Wheeler"
"3993,Ben Lovejoy"
"3995,Drew Doughty"
"3998,Jamie Benn"
"4002,Zach Bogosian"
"4005,Max Pacioretty"
"4013,Alex Pietrangelo"
"4044,P.K. Subban"
"4045,Yannick Weber"
"4058,Stephen Gionta"
"4568,Paul Byron"
"4906,Jake Muzzin"
"4911,Steven Kampfer"
"4916,Robert Bortuzzo"
"4917,Chris DiDomenico"
"4924,Greg Pateryn"
"4927,Nick Bonino"
"4943,Brad Malone"
"4954,Ryan McDonagh"
"4960,Carl Gunnarsson"
"4968,Alex Killorn"
"4969,Evgenii Dadonov"
"4973,Brendan Smith"
"4985,Colton Sceviour"
"4990,Paul Postma"
"4991,Ian Cole"
"5005,Riley Nash"
"5008,Kevin Shattenkirk"
"5032,Jordan Eberle"
"5034,T.J. Oshie"
"5037,Steven Stamkos"
"5050,Matt Martin"
"5052,Tyler Myers"
"5056,Josh Bailey"
"5062,Michael Del Zotto"
"5069,Tyler Ennis"
"5073,Travis Hamonic"
"5074,Adam Henrique"
"5075,Braden Holtby"
"5079,Jared Spurgeon"
"5082,David Desharnais"
"5084,Jason Garrison"
"5086,Micheal Haley"
"5092,Luke Schenn"
"5096,Martin Jones"
"5098,Luca Sbisa"
"5103,Mike Hoffman"
"5111,Jake Allen"
"5116,Matt Calvert"
"5118,John Carlson"
"5125,Jason Demers"
"5133,Michael Hutchinson"
"5145,Zac Rinaldo"
"5148,Michael Stone"
"5157,Victor Hedman"
"5160,John Tavares"
"5161,Matt Duchene"
"5162,TJ Brodie"
"5164,Erik Karlsson"
"5168,Stefan Elliott"
"5169,Ryan Ellis"
"5172,Marcus Foligno"
"5175,Byron Froese"
"5181,Tyson Barrie"
"5183,Jean-Francois Berube"
"5190,Kyle Clifford"
"5193,Nicolas Deslauriers"
"5194,Zack Kassian"
"5202,Brayden McNabb"
"5204,John Moore"
"5208,Ryan O'Reilly"
"5218,Marco Scandella"
"5219,Brayden Schenn"
"5223,Alex Stalock"
"5227,Tomas Tatar"
"5237,Cody Eakin"
"5246,Ben Chiarot"
"5251,Evander Kane"
"5262,Casey Cizikas"
"5265,Kevin Connauton"
"5266,Calvin de Haan"
"5268,Mikko Koskinen"
"5283,Robin Lehner"
"5328,Dmitry Kulikov"
"5332,Richard Panik"
"5347,Tyler Bozak"
"5349,Nazem Kadri"
"5382,Dustin Tokarski"
"5393,Andrew Agozzino"
"5407,Jeff Petry"
"5416,Nate Prosser"
"5420,Carter Hutton"
"5427,David Savard"
"5428,Taylor Hall"
"5430,Tyler Seguin"
"5434,Ryan Johansen"
"5436,Roman Josi"
"5447,Nick Leddy"
"5452,Jacob Markstrom"
"5461,Jordie Benn"
"5462,Alex Biega"
"5470,Justin Braun"
"5473,Jack Campbell"
"5474,Sam Carrick"
"5475,Michael Chaput"
"5479,Brett Connolly"
"5485,Brandon Davidson"
"5488,Oliver Ekman-Larsson"
"5495,Cam Fowler"
"5502,Radko Gudas"
"5503,Erik Gudbranson"
"5509,Zach Hyman"
"5511,Nino Niederreiter"
"5517,Kyle Palmieri"
"5524,Calvin Pickard"
"5525,Brandon  Pirri"
"5526,Tyler Pitlick"
"5536,Harri Sateri"
"5540,Jeff Skinner"
"5545,Mark Stone"
"5549,Jarred Tinordi"
"5550,Tyler Toffoli"
"5556,Austin Watson"
"5560,Mats Zuccarello"
"5571,Sergei Bobrovsky"
"5572,Alexander Burmistrov"
"5588,Eddie Lack"
"5592,Chris Tanev"
"5614,Brendan Gallagher"
"5619,Petr Mrazek"
"5622,Scott Wedgewood"
"5627,Brian Lashoff"
"5646,Dmitry Orlov"
"5647,Evgeny Kuznetsov"
"5657,Philipp Grubauer"
"5659,Andrew Crescenzi"
"5662,Mike Liambas"
"5665,Patrick Wiercioch"
"5672,Matt Bartkowski"
"5677,Matt Irwin"
"5706,Tyler Johnson"
"5714,Marcus Johansson"
"5731,Derek Stepan"
"5734,Cam Talbot"
"5738,Brian Dumoulin"
"5746,Justin Faulk"
"5756,Joakim Nordstrom"
"5763,Justin Holl"
"5767,Kevin Hayes"
"5793,Anders Lee"
"5797,Aaron Ness"
"5798,Brock Nelson"
"5823,Gustav Nyquist"
"5824,Mark Pysyk"
"5828,Nick Bjugstad"
"5829,Derek Forbort"
"5830,Jake Gardiner"
"5831,Mikael Granlund"
"5833,Chris Kreider"
"5834,Dylan McIlrath"
"5835,Jaden Schwartz"
"5836,Riley Sheahan"
"5837,Vladimir Tarasenko"
"2300267,Carl Hagelin"
"2304485,Ben Street"
"2304504,Brian Gibbons"
"2304599,Taylor Fedun"
"2324167,Teemu Pulkkinen"
"2334821,Brad Hunt"
"2334909,Cameron  Schilling"
"2334912,Chris Wideman"
"2334926,Zac Dalpe"
"2335062,Luke Glendening"
"2486598,Brandon Manning"
"2486993,Darren Archibald"
"2500990,Reilly Smith"
"2501067,Justin Schultz"
"2501107,Cam Atkinson"
"2501172,Carter Rowney"
"2501176,Aaron Dell"
"2517760,Michael Sgarbossa"
"2517899,Frederik Andersen"
"2517906,Mark Alt"
"2524606,Antoine Roussel"
"2525884,Derek Grant"
"2554903,Brenden Dillon"
"2555315,Charlie Coyle"
"2555316,Calle Jarnkrok"
"2555470,Mark Borowiecki"
"2556063,Patrick Brown"
"2556248,Chasen Balisy"
"2557840,Keith Kinkaid"
"2558631,Mattias Ekholm"
"2560083,Louis Domingue"
"2562596,Joel Armia"
"2562597,Sven Baertschi"
"2562598,Nathan Beaulieu"
"2562600,Jonas Brodin"
"2562601,Sean Couturier"
"2562602,Phillip Danault"
"2562605,Dougie Hamilton"
"2562606,Jonathan Huberdeau"
"2562609,Gabriel Landeskog"
"2562610,Adam Larsson"
"2562618,Connor Murphy"
"2562622,Vladislav Namestnikov"
"2562623,Stefan Noesen"
"2562624,Ryan Nugent-Hopkins"
"2562625,Jamie Oleksiak"
"2562629,Rickard Rakell"
"2562632,Mark Scheifele"
"2562636,Ryan Strome"
"2562637,Mika Zibanejad"
"2563016,Andy Andreoff"
"2563023,Daniel Catenacci"
"2563025,Tyler Wotherspoon"
"2563026,Blake Coleman"
"2563027,Nick Cousins"
"2563028,Andy Welinski"
"2563029,Joseph Cramarossa"
"2563033,T.J. Tynan"
"2563034,Joel Edmundson"
"2563036,Vincent Trocheck"
"2563037,Steven Fogarty"
"2563039,Johnny Gaudreau"
"2563040,Christopher Gibson"
"2563044,Rocco Grimaldi"
"2563045,Scott Harrington"
"2563047,Magnus Hellberg"
"2563050,Logan Shaw"
"2563053,Dmitrij Jaskin"
"2563054,Boone Jenner"
"2563055,Tomas Jurco"
"2563057,William Karlsson"
"2563060,Nikita Kucherov"
"2563065,Brandon Saad"
"2563066,Adam Lowry"
"2563069,Scott Mayfield"
"2563074,Brett Ritchie"
"2563076,Matt Nieto"
"2563079,Xavier Ouellet"
"2563080,Kyle Rau"
"2563085,Victor Rask"
"2564148,Fredrik Claesson"
"2564154,Sean Kuraly"
"2564163,Tobias Rieder"
"2564164,Nick Seeler"
"2564331,Nikita Nesterov"
"2564334,Andrew Shaw"
"2570752,Craig Smith"
"2590273,Lukas Sedlak"
"2590363,Cory Conacher"
"2590379,Joonas Donskoi"
"2590381,Wade Megan"
"2590382,Seth Griffith"
"2590389,Ondrej Palat"
"2590399,Matt Read"
"2590407,Drew Shore"
"2590549,Jakob Silfverberg"
"2590558,Leo Komarov"
"2590559,Josh Leivo"
"2590569,Garret Sparks"
"2590629,Will O'Neill"
"2590705,Alex Chiasson"
"2590751,John Klingberg"
"2590752,Patrik Nemeth"
"2590796,Colin Miller"
"2590824,John Gibson"
"2590829,Josh Manson"
"2590833,Chris Wagner"
"2590835,Sami Vatanen"
"2590847,Jesper Fast"
"2590852,J.T. Miller"
"2590854,Christian Thomas"
"2590857,Colin Blackwell"
"2590861,Dylan DeMelo"
"2590874,Jordan Binnington"
"2591153,Kenny  Agostino"
"2591154,Josh Archibald"
"2591155,Bryan Rust"
"2592084,Markus  Hannikainen"
"2592095,Teuvo Teravainen"
"2592097,Tyler Graovac"
"2592485,Turner Elson"
"2593131,Jean-Gabriel Pageau"
"2593311,Erik Haula"
"2593312,Johan Larsson"
"2593315,Jason Zucker"
"2610321,Darcy Kuemper"
"2952729,Torey Krug"
"2952877,J.T.  Brown"
"2956552,Kevan Miller"
"2960288,Jani Hakanpaa"
"2961348,Niklas Svedberg"
"2961569,Marek Hrivik"
"2966501,Ryan Murray"
"2966502,Alex Galchenyuk"
"2967072,Jonathan Marchessault"
"2968432,Michael Houser"
"2968772,Filip Forsberg"
"2968818,Hampus Lindholm"
"2968829,Zemgus Girgensons"
"2970615,Tom Wilson"
"2970689,Matt Dumba"
"2976833,Morgan Rielly"
"2976834,Derrick Pouliot"
"2976839,Jacob Trouba"
"2976840,Slater Koekkoek"
"2976841,Mikhail Grigorenko"
"2976842,Radek Faksa"
"2976843,Cody Ceci"
"2976844,Tomas Hertl"
"2976847,Andrei Vasilevskiy"
"2976848,Scott Laughton"
"2976849,Mark Jankowski"
"2976850,Olli Maatta"
"2976851,Mike Matheson"
"2976852,Malcolm Subban"
"2976854,Brendan Gaunce"
"2976856,Brady Skjei"
"2976857,Stefan Matteau"
"2976860,Tanner Pearson"
"2989376,Jordan Martinook"
"2992930,Kurtis MacDermid"
"2993474,Colton Sissons"
"3020225,Connor Hellebuyck"
"3020228,Jaycob Megna"
"3020230,Danny O'Regan"
"3020618,Jayson Megna"
"3020635,Matt Tennyson"
"3020803,Jake McCabe"
"3024646,Matthew Peca"
"3024784,Travis Boyd"
"3024796,Mike Reilly"
"3024798,Nate Schmidt"
"3024816,Austin Czarnik"
"3024819,Riley Barber"
"3024837,Chad Ruhwedel"
"3024855,Christian  Folin"
"3024916,Teddy Blueger"
"3025200,Andrej Sustr"
"3025524,Trevor van Riemsdyk"
"3025535,Brett Pesce"
"3025540,Casey DeSmith"
"3025590,Drake Caggiula"
"3025602,Kevin Gravel"
"3025605,Kalle Kossila"
"3025606,Ethan Prow"
"3025608,Nick Jensen"
"3025614,Jonny Brodzinski"
"3025616,Nic Dowd"
"3025651,Troy Grosenick"
"3025655,Josh Jooris"
"3025657,Daniel Carr"
"3025662,Shayne Gostisbehere"
"3025726,Buddy Robinson"
"3025991,Danny DeKeyser"
"3026225,Luke Witkowski"
"3026438,Jared Coreau"
"3026526,Laurent Brossoit"
"3031654,Charles Hudon"
"3032270,Mike Condon"
"3036851,Anton Forsberg"
"3037290,Michael Raffl"
"3037703,Antti Raanta"
"3041969,Nathan MacKinnon"
"3041970,Aleksander Barkov"
"3041971,Jonathan Drouin"
"3041991,Adam Erne"
"3041992,Seth Jones"
"3041993,Jacob De La Rose"
"3041994,Elias Lindholm"
"3041995,J.T. Compher"
"3041996,Sean Monahan"
"3041997,Darnell Nurse"
"3041998,Zach Fucale"
"3041999,Rasmus Ristolainen"
"3042002,Bo Horvat"
"3042003,Valeri Nichushkin"
"3042005,Laurent Dauphin"
"3042006,Remi Elie"
"3042012,Samuel Morin"
"3042013,Robert Hagg"
"3042014,Max Domi"
"3042015,Steven Santini"
"3042016,Josh Morrissey"
"3042017,Alex Wennberg"
"3042018,Nic Petan"
"3042019,Ryan Pulock"
"3042020,Tristan Jarry"
"3042021,Nikita Zadorov"
"3042023,Curtis Lazar"
"3042031,Gustav Olofsson"
"3042037,Anthony Mantha"
"3042039,Frederik Gauthier"
"3042040,Dillon Heatherington"
"3042041,Carl Dahlstrom"
"3042043,Justin Bailey"
"3042044,Andre Burakovsky"
"3042045,Madison Bowey"
"3042048,Michael McCarron"
"3042050,Artturi Lehkonen"
"3042054,William Carrier"
"3042055,Shea Theodore"
"3042056,Tyler Bertuzzi"
"3042057,Eric Comrie"
"3042061,Zach Sanford"
"3042062,Jason Dickinson"
"3042063,Ryan Hartman"
"3042069,Spencer Martin"
"3042080,John Hayden"
"3042081,Pavel Buchnevich"
"3042083,Jake Guentzel"
"3042084,Marcus Hogberg"
"3042085,Mattias Janmark"
"3042086,Anthony Duclair"
"3042087,Kurtis Gabriel"
"3042088,Carter Verhaeghe"
"3042095,Oliver Bjorkstrand"
"3042103,Mason Geertsen"
"3042109,Juuse Saros"
"3042110,Miles Wood"
"3042111,Nicholas Paul"
"3042114,Andrew Copp"
"3042120,Ben Harpur"
"3042122,Ryan Graves"
"3042134,Hudson Fasching"
"3042138,Tyler Motte"
"3042169,Will Butcher"
"3042171,Saku Maenalanen"
"3042173,Tucker Poolman"
"3042182,Cal Petersen"
"3042191,Connor Clifton"
"3042192,Luke Johnson"
"3042198,Carson Soucy"
"3042228,Josh Brown"
"3042242,Sean Malone"
"3042245,Dominik Kubalik"
"3042255,Kyle Burroughs"
"3042262,Andreas Johnsson"
"3042264,Tyler Lewington"
"3042269,MacKenzie Weegar"
"3042274,Brian M. Pinho"
"3042283,Anton Blidh"
"3059403,Jon Merrill"
"3067263,Chris Driedger"
"3067264,Andrew Hammond"
"3067313,Anthony Stolarz"
"3067505,Anthony Bitetto"
"3067822,Ross Johnston"
"3067840,Scott Sabourin"
"3067849,Connor Carrick"
"3067858,Chandler Stephenson"
"3067860,Nathan Walker"
"3067862,Matt Murray"
"3067865,Jean-Sebastien Dea"
"3067867,Trevor Carrick"
"3067868,Brock McGinn"
"3067870,Chris Tierney"
"3067879,Justin Dowling"
"3067906,Cedric Paquette"
"3067951,Connor Brown"
"3068035,Andreas Athanasiou"
"3068036,Martin Frk"
"3068087,Damon Severson"
"3068664,Jon Gillies"
"3068665,Brett Kulak"
"3068670,Jujhar Khaira"
"3069265,Oscar Dansk"
"3069266,Joonas Korpisalo"
"3069273,Dakota Mermis"
"3069277,Oskar Sundqvist"
"3069285,Linus Ullmark"
"3069290,Tim  Schaller"
"3069294,Alex Belzile"
"3069341,Colton Parayko"
"3069342,Mackenzie MacEachern"
"3069344,Petteri Lindbohm"
"3069348,Curtis Valk"
"3069351,Maxime Lagace"
"3069352,Esa Lindell"
"3069353,Devin Shore"
"3069357,Gemel Smith"
"3069360,Paul LaDue"
"3069394,Alexander Kerfoot"
"3069397,Jimmy Vesey"
"3069411,Barclay Goodrow"
"3069440,Christian Djoos"
"3069448,Matt Grzelcyk"
"3069449,Matt Benning"
"3069521,Joakim Ryan"
"3069613,Vinnie Hinostroza"
"3069621,Adam Pelech"
"3069687,Josh Anderson"
"3069833,Zack Mitchell"
"3069834,Phillip Di Giuseppe"
"3069836,Jaccob Slavin"
"3070196,Ryan Dzingel"
"3070197,Max McCormick"
"3070214,Nikita Gusev"
"3094261,Yanni Gourde"
"3094544,Kevin Czuczman"
"3095330,Pheonix Copley"
"3095891,Justin Kloos"
"3095892,Vinni Lettieri"
"3095975,Charlie Lindgren"
"3096102,Troy Stecher"
"3096115,Mike Vecchione"
"3096177,Casey Nelson"
"3096186,Trevor Moore"
"3096217,Thatcher Demko"
"3096235,Kevin Rooney"
"3096236,Brandon Tanev"
"3096237,Noel Acciari"
"3096249,Devon Toews"
"3096263,Joseph Gambardella"
"3096605,Ryan Carpenter"
"3097115,Jordan Oesterle"
"3109556,Melker  Karlsson"
"3111624,Dennis Rasmussen"
"3111908,Pierre-Edouard Bellemare"
"3112266,Tomas Nosek"
"3114717,Aaron Ekblad"
"3114722,Sam Reinhart"
"3114727,Leon Draisaitl"
"3114732,Sam Bennett"
"3114733,Michael Dal Colle"
"3114734,Jake Virtanen"
"3114735,Haydn Fleury"
"3114736,William Nylander"
"3114741,Nikolaj Ehlers"
"3114742,Nick Ritchie"
"3114743,Kevin Fiala"
"3114744,Brendan Perlini"
"3114747,Jakub Vrana"
"3114755,Dylan Larkin"
"3114756,Sonny Milano"
"3114757,Travis Sanheim"
"3114766,Alex Tuch"
"3114769,Tony DeAngelo"
"3114770,Nick Schmaltz"
"3114774,Robby Fabbri"
"3114775,Kasperi Kapanen"
"3114777,Jared McCann"
"3114778,David Pastrnak"
"3114802,Adrian Kempe"
"3114983,Brendan Lemieux"
"3114984,Jayce Hawryluk"
"3114985,Ivan Barbashev"
"3114994,Alex Nedeljkovic"
"3114995,Marcus Pettersson"
"3114996,Vitek Vanecek"
"3114997,Andreas Englund"
"3115000,Ryan MacInnis"
"3115014,Nicolas Aube-Kubel"
"3115016,Roland McKeown"
"3115032,Brandon Montour"
"3115033,Ryan Donato"
"3115035,Christian Dvorak"
"3115546,Jonas Johansson"
"3120307,Viktor Arvidsson"
"3149603,Michael Bunting"
"3149610,Daniel Walcott"
"3149612,Joel Hanley"
"3149619,Andrew Mangiapane"
"3149621,Dysin Mayo"
"3149632,Ashton Sautner"
"3149633,Garnet Hathaway"
"3149649,Frederick Gaudreau"
"3149697,Sammy Blais"
"3149715,Jack Rodewald"
"3149716,Clark Bishop"
"3149827,Conor Sheary"
"3149829,Michael Amadio"
"3149839,Jake Middleton"
"3149843,Darren Raddysh"
"3150085,Chase De Leo"
"3150455,Vladimir Tkachev"
"3150468,Liam O'Brien"
"3150479,Hayden Hodgson"
"3150480,Joe Hicketts"
"3150483,Erik Burgdoerfer"
"3150499,Brandon Baddock"
"3150520,Juho Lammikko"
"3151036,Warren Foegele"
"3151037,Lucas Wallmark"
"3151038,Elvis Merzlikins"
"3151095,Max Willman"
"3151096,Victor Olofsson"
"3151135,Jake Chelios"
"3151136,Jake Walman"
"3151137,Ville Husso"
"3151138,Austin Poganski"
"3151168,William Lagesson"
"3151187,Brayden Point"
"3151191,Ben Thomas"
"3151297,Igor Shesterkin"
"3151322,Sam Lafferty"
"3151323,Anthony Angello"
"3151325,Mark Friedman"
"3151326,Oskar Lindblom"
"3151340,Louie Belpedio"
"3151341,Kaapo Kahkonen"
"3151430,Ondrej Kase"
"3151741,Danton Heinen"
"3151742,Anders Bjork"
"3151763,Pierre Engvall"
"3151772,Fredrik Olofsson"
"3151775,Dylan Sikura"
"3151784,Gustav Forsling"
"3151791,Rourke Chartier"
"3151792,Kevin Labanc"
"3151981,Ilya Sorokin"
"3490175,Danick Martel"
"3527554,Frank Vatrano"
"3571762,Ben Hutton"
"3601768,Nikita Soshnikov"
"3648002,Jack Eichel"
"3648008,Evan Rodrigues"
"3648015,A.J. Greer"
"3648020,Zane McIntyre"
"3648040,Tanner Kero"
"3648041,Joel L'Esperance"
"3648080,Kyle Criscuolo"
"3652598,Alex Iafallo"
"3652602,Karson Kuhlman"
"3652623,Kasimir Kaskisuo"
"3652964,Noah Hanifin"
"3654006,Alex Lyon"
"3654032,Patrick Russell"
"3891922,Erik Gustafsson"
"3891952,Artemi Panarin"
"3895074,Connor McDavid"
"3895921,Andreas Martinsen"
"3899730,Dean Kukan"
"3899933,Dylan Strome"
"3899937,Mitchell Marner"
"3899938,Mikko Rantanen"
"3899939,Ivan Provorov"
"3899946,Mathew Barzal"
"3899949,Pavel Zacha"
"3899951,Lawson Crouse"
"3899952,Kyle Connor"
"3899972,Zach Werenski"
"3899978,Timo Meier"
"3899979,Brock Boeser"
"3899980,Nick Merkley"
"3900147,Denis Gurianov"
"3900154,Jansen Harkins"
"3900157,Gabriel Carlsson"
"3900162,Jakub Zboril"
"3900169,Travis Konecny"
"3900219,Thomas Chabot"
"3900240,Jake DeBrusk"
"3900247,Oliver Kylington"
"3900256,Jacob Larsson"
"3900259,Colin White"
"3900260,Jordan Greenway"
"3900502,Nicolas Meloche"
"3900504,Noah Juulsen"
"3900505,Ilya Samsonov"
"3902133,Derek Ryan"
"3904073,Zach Senyshyn"
"3904090,Evgeny Svechnikov"
"3904091,Joel Eriksson Ek"
"3904098,Jack Roslovic"
"3904107,Anthony Beauvillier"
"3904170,Christian Fischer"
"3904171,Mitchell Stephens"
"3904172,Travis Dermott"
"3904173,Sebastian Aho"
"3904175,Brandon Carlo"
"3904177,Mackenzie Blackwood"
"3904178,Erik Cernak"
"3904181,Daniel Sprong"
"3904182,Filip  Chlapik"
"3904183,Roope Hintz"
"3904184,Brendan Guhle"
"3904185,Jeremy Lauzon"
"3904186,Rasmus Andersson"
"3904188,Yakov Trenin"
"3904189,Vince Dunn"
"3904190,Jonas Siegenthaler"
"3904191,Kevin Stenlund"
"3913226,Dominik Simon"
"3938809,Dmytro Timashov"
"3939658,Steven Lorentz"
"3939714,Adin Hill"
"3939716,Kyle Capobianco"
"3939718,Conor Garland"
"3939856,Bokondji Imama"
"3941125,Colton White"
"3941140,Philippe Myers"
"3941546,Keegan Kolesar"
"3941946,Will Borgen"
"3941965,Mathieu Joseph"
"3941966,Ethan Bear"
"3941970,Caleb Jones"
"3941973,Anthony Cirelli"
"3941974,John Marino"
"3942030,Dennis Gilbert"
"3942043,Mason Appleton"
"3942047,Sami Niku"
"3942058,Anthony Richard"
"3942061,Tommy Novak"
"3942064,Alexandre Carrier"
"3942065,Karel Vejmelka"
"3942073,Joey Daccord"
"3942086,Christian Jaros"
"3942094,Chase Pearson"
"3942106,Christian Wolanin"
"3942205,Michael McNiven"
"3942258,Lukas Vejdemo"
"3942292,Vladislav Gavrikov"
"3942293,Markus Nutivaara"
"3942294,Kole Sherwood"
"3942335,Kirill Kaprizov"
"3942352,Glenn Gawdin"
"3942354,Niko Mikkola"
"3942459,Dan Vladar"
"3942461,Cameron Hughes"
"3942548,Ryan Lomberg"
"3942569,Andrei Mironov"
"3942638,Parker Wotherspoon"
"3942676,Cole Bardreau"
"3942680,Cooper Marody"
"3942714,Sam Montembeault"
"3942715,Denis Malgin"
"3942745,Blake Speers"
"3942746,Brett Seney"
"3942747,Kenneth Appleby"
"3942809,Dominic Toninato"
"3942866,Guillaume Brisebois"
"3942868,Adam Gaudette"
"3942905,Troy Terry"
"3942922,Austin Wagner"
"3942924,Matt Roy"
"3942992,Rudolfs Balcers"
"3943026,Erik Kallgren"
"3943996,Nicolas Roy"
"3965273,Greg McKegg"
"3975833,Andrew Poturalski"
"3976747,Nick Lappin"
"3988384,Chase Priskie"
"3988528,C.J. Smith"
"3988536,Kevin  Boyle"
"3988747,Jon Lizotte"
"3988750,Jimmy Schuldt"
"3988761,Rhett Gardner"
"3988772,Casey Fitzgerald"
"3988778,Dylan Gambrell"
"3988782,Logan O'Connor"
"3988803,Charlie McAvoy"
"3988816,Jordan Gross"
"3988830,Zach Aston-Reese"
"3988847,Neal Pionk"
"4010739,Nikita Zaitsev"
"4018583,Yohann Auvitu"
"4024123,Auston Matthews"
"4024820,Patrik Laine"
"4024833,Pierre-Luc Dubois"
"4024839,Jesse Puljujarvi"
"4024854,Matthew Tkachuk"
"4024857,Clayton Keller"
"4024868,Mikhail Sergachev"
"4024879,Tyson Jost"
"4024886,Logan Brown"
"4024902,Michael McLeod"
"4024916,Jake Bean"
"4024933,Luke Kunin"
"4024950,Jakob Chychrun"
"4024959,Dante Fabbro"
"4024968,Logan Stanley"
"4024971,Kieffer Bellows"
"4024972,Dennis Cholowski"
"4024975,Julien Gauthier"
"4024977,Henrik Borgstrom"
"4024980,Max Jones"
"4024985,Riley Tufte"
"4024988,Tage Thompson"
"4024989,Brett Howden"
"4024994,Lucas Johansen"
"4024997,Trent Frederic"
"4024998,Sam Steel"
"4027020,Rasmus Asplund"
"4031645,Michael Carcone"
"4046937,Vadim Shipachyov"
"4046946,Michal Kempny"
"4062223,Vitaly  Abramov"
"4062234,Matt Luff"
"4062251,Jordan Kyrou"
"4062934,Alexandre Fortin"
"4063228,Janne Kuokkanen"
"4063231,Tanner Fritz"
"4063240,Beck Malenstyn"
"4063242,Garrett Pilon"
"4063247,Dylan Wells"
"4063250,Carsen Twarynski"
"4063251,Markus Niemelainen"
"4063253,Connor Bunnaman"
"4063257,Josh  Currie"
"4063258,Tyler Benson"
"4063267,Kale Clague"
"4063268,Dillon Dube"
"4063279,Nathan Bastian"
"4063280,Jacob Moverare"
"4063288,David Rittich"
"4063294,Cam Dineen"
"4063377,Dryden Hunt"
"4063378,Riley Stillman"
"4063379,Anthony Greco"
"4063398,Maxime Lajoie"
"4063399,Frederic Allard"
"4063401,Samuel Girard"
"4063414,Tim Gettinger"
"4063420,Sean Day"
"4063429,Libor Hajek"
"4063433,Alex DeBrincat"
"4063449,Jalen Chatfield"
"4063450,Dan Renouf"
"4063456,Joachim Blichfeld"
"4063460,Noah Gregor"
"4063462,Marcus Sorensen"
"4063491,Gage Quinney"
"4063495,Boris Katchouk"
"4063496,Lane Pederson"
"4063502,Taylor Raddysh"
"4063504,Josh Mahura"
"4063522,Connor Ingram"
"4063569,Zack MacEwen"
"4063602,Givani Smith"
"4063606,Dylan Coghlan"
"4063607,Filip Hronek"
"4064582,Carter Hart"
"4064780,Tanner Jeannot"
"4064781,Mathieu Olivier"
"4064864,Matthew Phillips"
"4064872,Luke Philp"
"4064936,Andrew Peeke"
"4065019,Brandon Hagel"
"4081035,Victor Mete"
"4122196,Jonathan Dahlen"
"4135544,Matthew Highmore"
"4195214,Gavin Bayreuther"
"4196898,Shane Starrett"
"4196914,Jake Oettinger"
"4196930,Corey Schueneman"
"4196931,Sheldon Dries"
"4196959,Nick DeSimone"
"4197009,Brandon Duhaime"
"4197014,Jacob Bryson"
"4197015,Kasper Bjorkqvist"
"4197114,Callahan Burke"
"4197130,Cole Smith"
"4197146,Adam Fox"
"4197153,Jacob Lucchini"
"4197161,Joey Anderson"
"4197166,Hunter Miska"
"4197173,Brandon Biro"
"4197199,Rem Pitlick"
"4210859,Giovanni Fiore"
"4217973,Oscar  Fantenberg"
"4220707,Calle Rosen"
"4220708,Andreas Borgman"
"4226783,Radim Simek"
"4227208,Victor Antipin"
"4230583,Jan Rutta"
"4232871,Jaret Anderson-Dolan"
"4232875,Lias Andersson"
"4233536,Miro Heiskanen"
"4233544,Nolan Patrick"
"4233555,Nico Hischier"
"4233563,Cale Makar"
"4233566,Elias Pettersson"
"4233568,Cody Glass"
"4233575,Casey Mittelstadt"
"4233576,Michael Rasmussen"
"4233583,Gabriel Vilardi"
"4233586,Martin Necas"
"4233594,Nick Suzuki"
"4233598,Cal Foote"
"4233606,Erik Brannstrom"
"4233611,Juuso Valimaki"
"4233618,Timothy Liljegren"
"4233619,Urho Vaakanainen"
"4233627,Josh Norris"
"4233637,Robert Thomas"
"4233643,Filip Chytil"
"4233648,Kailer Yamamoto"
"4233653,Pierre-Olivier Joseph"
"4233660,Kristian Vesalainen"
"4233668,Ryan Poehling"
"4233685,Morgan Frost"
"4233686,Shane Bowers"
"4233705,Henri Jokiharju"
"4233720,Eeli Tolvanen"
"4233738,Klim Kostin"
"4233868,Conor Timmins"
"4233869,Kole Lind"
"4233870,Nicolas Hague"
"4233871,Isaac Ratcliffe"
"4233872,Jesper Boqvist"
"4233874,Gustav Lindstrom"
"4233875,Jason Robertson"
"4233876,Aleksi Heponiemi"
"4233877,Eetu Luostarinen"
"4233878,Dylan Samberg"
"4233880,Alexandre Texier"
"4233881,Robin Salo"
"4233882,Alex Formenton"
"4233883,Alexander Volkov"
"4233884,Mario Ferraro"
"4233885,Max Comtois"
"4233888,Jack Studnicka"
"4233889,Ukko-Pekka Luukkonen"
"4233890,Jonah Gadjovich"
"4233897,Jake Leschyshyn"
"4238471,Josef Korenar"
"4239677,Alexandar Georgiev"
"4244101,Collin Delia"
"4267976,David Kampf"
"4268377,Philip Holm"
"4268466,Morgan Geekie"
"4268746,Joona Koppanen"
"4268766,Dmitri Samorukov"
"4268767,Stuart Skinner"
"4268768,Jacob MacDonald"
"4268771,Jesper Bratt"
"4268772,Marian Studenic"
"4270244,William Lockwood"
"4270247,Michael Eyssimont"
"4270546,Ben Jones"
"4270820,Alex Barre-Boulet"
"4271525,Otto Koivula"
"4271549,Mikhail Maltsev"
"4271557,Keaton Middleton"
"4271565,Carl Grundstrom"
"4271575,Joseph Woll"
"4271584,Colin Blackwell"
"4271611,Brennan Menell"
"4271644,Jakub Jerabek"
"4271732,Pius Suter"
"4271734,Drake Batherson"
"4271946,Maxim Mamin"
"4271957,Henrik Haapala"
"4271998,Ryan Lindgren"
"4272008,Libor Sulak"
"4272040,Lucas Carlsson"
"4272102,Nick Caamano"
"4272107,Landon Bow"
"4272157,Frederik Tiffels"
"4272192,Mason Marchment"
"4272315,Sasha Chmelevski"
"4272674,Filip Gustavsson"
"4272685,William Bitten"
"4272688,Sebastian Aho (D)"
"4272888,Logan Thompson"
"4272903,Drake Rymsha"
"4272905,Sean Walker"
"4272907,Philippe Maillet"
"4276422,Kaden Fulcher"
"4294163,Rasmus Dahlin"
"4294165,Par  Lindholm"
"4294197,Pavel Francouz"
"4294205,Lukas Radil"
"4294631,Gaetan Haas"
"4294644,Mikko Lehtonen"
"4294651,Dominik Kahun"
"4294798,Bogdan Kiselevich"
"4294800,Alexander Barabanov"
"4297649,Egor Yakovlev"
"4312877,Zach Whitecloud"
"4316970,Morgan Barron"
"4316979,Jack Ahcan"
"4316983,Blake Lizotte"
"4319858,Brady Tkachuk"
"4319865,Josh Teves"
"4319876,Max Veronneau"
"4319879,Eric Robinson"
"4319882,Ryan Kuffner"
"4319916,Ian Mitchell"
"4319927,Connor Mackey"
"4319933,Daniel Brickley"
"4319938,CJ Suess"
"4319940,Walker Duehr"
"4319942,Marc Michaelis"
"4320548,Quinn Hughes"
"4320549,Jack LaFontaine"
"4320619,Sheldon Rempal"
"4320625,Nico Sturm"
"4320665,Scott Perunovich"
"4320668,Justin Richards"
"4323976,Victor Ejdsell"
"4331579,Paul Cotter"
"4331584,Riley Damiani"
"4331585,Semyon Der-Arguchintsev"
"4331603,Joey Keane"
"4331611,Alec Regula"
"4340228,Igor Ozhiganov"
"4341584,Kevin Lankinen"
"4342107,Ilya Lyubushkin"
"4347114,Jacob Nilsson"
"4348823,Antti Suomela"
"4352683,Andrei Svechnikov"
"4352692,Jesperi Kotkaniemi"
"4352699,Barrett Hayton"
"4352700,Filip Zadina"
"4352706,Adam Boqvist"
"4352711,Vitali Kravtsov"
"4352722,Evan Bouchard"
"4352727,Oliver Wahlstrom"
"4352732,Noah Dobson"
"4352747,Ty Dellandrea"
"4352750,Joel Farabee"
"4352755,Grigori Denisenko"
"4352756,Martin Kaut"
"4352757,Ty Smith"
"4352758,Liam Foudy"
"4352759,Jay O'Brien"
"4352762,Rasmus Kupari"
"4352765,Ryan Merkley"
"4352770,K'Andre Miller"
"4352775,Isac Lundestrom"
"4352782,Filip Johansson"
"4352797,Dominik Bokk"
"4352798,Jacob Bernard-Docker"
"4352799,Nicolas Beaudin"
"4352800,Nils Lundkvist"
"4352803,Rasmus Sandin"
"4352804,Joe Veleno"
"4352805,Alexander Alexeyev"
"4378656,Mattias Samuelsson"
"4378660,Jonatan Berggren"
"4378661,Serron Noel"
"4378663,Jesse Ylonen"
"4378669,Ryan McLeod"
"4378671,Jack Drury"
"4378677,Martin Fehervary"
"4378683,Sean Durzi"
"4378684,Calen Addison"
"4378685,Benoit-Olivier Groulx"
"4378686,Kevin Bahl"
"4378694,Gabriel Fortier"
"4378695,David Gustafsson"
"4391104,Lawrence Pilut"
"4391250,Rafael Harvey-Pinard"
"4391251,Axel Jonsson-Fjallby"
"4391255,Kiefer Sherwood"
"4391789,Jakub Lauko"
"4392047,Maksim Sushko"
"4392070,Justin Kirkland"
"4392072,Owen Tippett"
"4392115,Tarmo Reunanen"
"4392117,Jeremy  Davies"
"4392137,Tanner Laczynski"
"4392158,Wade Allison"
"4392164,Linus Hogberg"
"4392215,Michael Pezzetta"
"4392260,Vincent Desharnais"
"4392268,Egor Zamula"
"4392306,Juuso Riikola"
"4392309,Parker Kelly"
"4392449,Fredrik Karlstrom"
"4392454,Alexey Toropchenko"
"4392471,Ross Colton"
"4392484,Gregory Hofmann"
"4392520,Oskar Steen"
"4392541,Philipp Kurashev"
"4392545,Olli Juolevi"
"4392570,Filip Kral"
"4392596,Kristians Rubins"
"4392605,Mac Hollowell"
"4392612,Adam Brooks"
"4392640,Alexander True"
"4392642,Simon Benoit"
"4392740,Austin Strand"
"4392758,Ivan  Chekhovich"
"4392765,Michael DiPietro"
"4392768,Adam Ruzicka"
"4392769,Brayden Pachal"
"4392782,Jake Christiansen"
"4392873,Alexander Khovanov"
"4392876,Gerry Mayhew"
"4392879,Mason Shaw"
"4393032,Ben Gleason"
"4393049,Jake Evans"
"4393055,Cale Fleury"
"4393058,Aidan Dudas"
"4393072,MacKenzie Entwistle"
"4393238,Kristian Reichel"
"4393408,Justus Annunen"
"4418665,Taro Hirose"
"4419180,Brady Keeper"
"4419263,Brinson Pasichnuk"
"4419638,Nick Perbix"
"4419646,Mitchell Chaffee"
"4419658,John Leonard"
"4419679,Cole Koepke"
"4419682,Noah Cates"
"4419724,Jordan Harris"
"4419736,Jack Dugan"
"4419743,Tyce Thompson"
"4419752,Josh Dunne"
"4419766,Reilly Walsh"
"4419767,Jack Rathbone"
"4419815,Alex Steeves"
"4420803,Brogan Rafferty"
"4421961,Joel Kellman"
"4422415,Ilya Mikheyev"
"4422898,Arttu Ruotsalainen"
"4423398,Emil Bemstrom"
"4425678,Jonas Rondbjerg"
"4565222,Jack Hughes"
"4565223,Kaapo Kakko"
"4565224,Kirby Dach"
"4565225,Bowen Byram"
"4565226,Alex Turcotte"
"4565227,Moritz Seider"
"4565228,Dylan Cozens"
"4565229,Philip Broberg"
"4565230,Trevor Zegras"
"4565231,Vasily Podkolzin"
"4565232,Victor Soderstrom"
"4565233,Matt Boldy"
"4565234,Spencer Knight"
"4565235,Cam York"
"4565236,Cole Caufield"
"4565237,Alex Newhook"
"4565238,Peyton Krebs"
"4565239,Thomas Harley"
"4565240,Lassi Thomson"
"4565241,Ville Heinola"
"4565242,Sam Poulin"
"4565243,Tobias Bjornfot"
"4565244,Simon Holmstrom"
"4565245,Philip Tomasino"
"4565246,Connor McMichael"
"4565247,Jakob Pelletier"
"4565248,Nolan Foote"
"4565249,Ryan Suzuki"
"4565250,Brayden Tracey"
"4565251,John Beecher"
"4565255,Shane Pinto"
"4565256,Arthur Kaliyev"
"4565257,Bobby Brink"
"4565259,Pyotr Kochetkov"
"4565260,Mads Sogaard"
"4565263,Nils Hoglander"
"4565264,Kaedan Korczak"
"4565266,Alex Vlasic"
"4565271,Artemi Kniazev"
"4565273,Samuel Fagemo"
"4565274,Vladislav Kolyachonok"
"4565275,Nicholas Robertson"
"4565278,Brett Leason"
"4565279,Samuel Bolduc"
"4565283,Nikita Okhotiuk"
"4565284,Nikita Alexandrov"
"4565857,Nikolai Knyzhov"
"4586824,Reese Johnson"
"4586826,Otto Leskinen"
"4587557,Ivan Prosvetov"
"4587568,Jan Jenik"
"4587580,Matias Maccelli"
"4587588,Pavel Dorofeyev"
"4587712,Tyler Madden"
"4587794,David Farrance"
"4587804,David Kase"
"4587805,Olle Lycksell"
"4587808,Wyatt Kalynuk"
"4587815,Samuel Ersson"
"4587820,Felix Sandstrom"
"4587837,Fabian Zetterlund"
"4587843,Yegor Sharangovich"
"4587845,Akira Schmid"
"4587848,Cameron Hillis"
"4587854,Alexander Romanov"
"4587855,Cayden Primeau"
"4587864,Anton Wedin"
"4587871,Josiah Slavin"
"4587904,Tyler Tucker"
"4587909,Joel Hofer"
"4587910,Joel Kiviranta"
"4587918,Alexander Yelesin"
"4587919,Artyom Zagidulin"
"4587922,Joel Persson"
"4587926,Nathan Smith"
"4587928,Joona Luoto"
"4587929,Declan Chisholm"
"4587932,Joakim Nygard"
"4587933,Johnathan Kovacevic"
"4587943,Aliaksei Protas"
"4587945,Joe Snively"
"4587946,Grant Hutton"
"4587949,Andrei  Chibisov"
"4587952,Dustin Wolf"
"4587982,Jonathan Gruden"
"4587985,Mark Kastelic"
"4587991,Veini Vehvilainen"
"4587994,Daniil Tarasov"
"4587996,Kirill Marchenko"
"4587997,Tim Berni"
"4587999,Carson Meyer"
"4588004,Connor Dewar"
"4588045,Eetu Makiniemi"
"4588051,Keith Petruzzelli"
"4588145,Samuel Walker"
"4588146,Egor Sokolov"
"4588148,Sampo Ranta"
"4588165,Lukas Dostal"
"4588168,Hunter Drew"
"4588173,Scott Reedy"
"4588178,Mikey Anderson"
"4588184,Danil  Yurtaykin"
"4588188,Jeffrey Viel"
"4588190,Jordan Spence"
"4588204,Kevin Mandolese"
"4588205,Pontus Holmberg"
"4588215,Adam Huska"
"4588265,Jimmy Huntington"
"4588269,Lean  Bergmann"
"4588292,Jayden Halbgewachs"
"4588331,Filip Hallander"
"4588338,Jakob  Lilja"
"4588638,Dakota Joshua"
"4588746,Nicholas Abruzzese"
"4588749,James Hamblin"
"4588844,Trey Fix-Wolansky"
"4683162,Mathias Brome"
"4697382,Alexis Lafreniere"
"4697383,Quinton Byfield"
"4697384,Tim Stutzle"
"4697385,Lucas Raymond"
"4697386,Jake Sanderson"
"4697387,Jamie Drysdale"
"4697388,Alexander Holtz"
"4697389,Jack Quinn"
"4697391,Marco Rossi"
"4697392,Cole Perfetti"
"4697394,Yaroslav Askarov"
"4697395,Anton Lundell"
"4697396,Seth Jarvis"
"4697397,Dylan Holloway"
"4697398,Rodion Amirov"
"4697399,Kaiden Guhle"
"4697400,Lukas Reichel"
"4697401,Dawson Mercer"
"4697402,Braden Schneider"
"4697404,Yegor Chinakhov"
"4697405,Hendrix Lapierre"
"4697406,Tyson Foerster"
"4697407,Connor Zary"
"4697408,Justin Barron"
"4697409,Jake Neighbours"
"4697410,Jacob Perreault"
"4697411,Ridly Greig"
"4697412,Brendan Brisson"
"4697413,Mavrik Bourque"
"4697438,JJ Peterka"
"4697443,Thomas Bordeleau"
"4697468,William Cuylle"
"4697579,Nils Aman"
"4697688,William Dufour"
"4697701,Jean-Luc Foudy"
"4697822,Adam Raska"
"4697831,Isaak Phillips"
"4711942,Fredrik  Handemark"
"4711944,Alexei Melnichuk"
"4711949,Radim Zohorna"
"4711951,Linus Sandin"
"4712021,Artem Zub"
"4712024,Brett Murray"
"4712036,Jeremy Swayman"
"4712146,Drew O'Connor"
"4755695,Jack McBain"
"4755704,Marc McLaughlin"
"4755729,Ben Meyers"
"4775334,Vladislav Provolnev"
"4781550,Nick Blankenburg"
"4781552,Matty Beniers"
"4781553,Kent Johnson"
"4781556,Owen Power"
"4781635,Zac Jones"
"4799741,Matt Kiersted"
"4808819,Mike Hardman"
"4812385,Jackson Cates"
"4832877,Olle Alsing"
"4845286,Cole Schwindt"
"4867883,Juuso Parssinen"
"4874718,Mason McTavish"
"4874719,Luke Hughes"
"4874720,Simon Edvinsson"
"4874721,William Eklund"
"4874722,Brandt Clarke"
"4874723,Dylan Guenther"
"4874725,Cole Sillinger"
"4874737,Jesper Wallstedt"
"4874738,Fabian Lysell"
"4874740,Wyatt Johnston"
"4874744,Zachary L'Heureux"
"4874745,Oskar Olausson"
"4874912,Aatu Raty"
"4874929,J.J. Moser"
"4893927,Kirill Semyonov"
"4893969,Arber Xhekaj"
"4894056,Adam Beckman"
"4894226,Jesper Froden"
"4894239,Bryce Kindopp"
"4894309,Zach Sawchenko"
"4894318,Santeri Hatakka"
"4894321,Jasper Weatherby"
"4894323,Zachary Hayes"
"4894355,Justin Danforth"
"4894369,Mattias Norlinder"
"4894374,Ben McCartney"
"4894378,Jacob Peterson"
"4894673,Nico Daws"
"4894702,Cole Reinhardt"
"4894729,Arvid Soderblom"
"4894820,Daniil Miromanov"
"4894857,Hugo Alnefelt"
"4894860,Valtteri Puustinen"
"4895164,Billy Sweezey"
"4895214,Jeff Malott"
"4895228,Jakub Galvas"
"4915344,Simon Nemec"
"4915347,Milos Kelemen"
"4915348,Pavol Regenda"
"4915349,Juraj Slafkovsky"
"4915846,Gustav Rydahl"
"4996077,Ronnie Attard"
"5048894,Bobby McMann"
"5048895,Viktor Lodin"
"5050068,Tom Hodges"
"5074159,Filip Roos"
"5074175,Marcus Bjork"
"5075578,Matej Blumel"
"5075840,Elmer Soderblom"
"5076622,Anton Levtchi"
"5077308,Andrei Kuzmenko"
"5080143,Logan Cooley"
"5080144,Shane Wright"
"5080145,Cutter Gauthier"
"5080147,David Jiricek"
"5080148,Kevin Korchinski"
"5080152,Marco Kasper"
"5080154,Pavel Mintyukov"
"5080155,Conor Geekie"
"5080156,Denton Mateychuk"
"5080157,Frank Nazar"
"5080158,Rutger McGroarty"
"5080159,Jonathan Lekkerimaki"
"5080160,Noah Ostlund"
"5080161,Joakim Kemell"
"5080162,Lian Bichsel"
"5080163,Liam Ohgren"
"5080168,Ivan Miroshnichenko"
"5080169,Owen Pickering"
"5080171,Jimmy Snuggerud"
"5080172,Danila Yurov"
"5080173,Sam Rinzel"
"5080174,Filip Mesar"
"5080175,Filip Bystedt"
"5080176,Jiri Kulich"
"5080177,Maveric Lamoureux"
"5080178,Brad Lambert"
"5080179,Isaac Howard"
"5080180,Reid Schaefer"
"5080202,Owen Beck"
"5103787,Nick Cicek"
"5120237,Jaxson Stauber"
"5125424,Matthew Berlin"
"4697446,Luke Evangelista"
"4894487,Devon Levi"
"4588042,Cole Guttman"
"3151772,Frederik Olofsson"
"4565268,Egor Afanasyev"
"4197153,Jacob Lucchini"
"4331604,Michael Kesselring"
"4697708,Danil Gushchin"
"4024861,Alex Nylander"
"4697717,Wyatt Kaiser"
"4997138,Henry Thrun"
"4197100,Dave Gust"
"4755696,Nikita Nesterenko"
"4697684,Elliot Desnoyers"
"4697448,Tyler Kleven"
"4874915,Vincent Iorio"
"5137433,Hunter McKown"
"4996312,Aidan McDonough"
"4697699,Sean Farrell"
"4270545,Arnaud Durandeau"
"4393406,Spencer Stastney"
"4576894,Arturs Silovs"
"4271212,Jiri Patera"
"4271213,Dylan Ferguson"
"5149125,Connor Bedard"
"5136617,Adam Fantilli"
"4874919,Matthew Knies"
"5149153,Leo Carlsson"
"4874899,Logan Stankoven"
"5080153,Matthew Savoie"
"4874732,Sebastian Cossa"
"4874730,Matt Coronato"
"5149170,Matvei Michkov"
"5080230,Lane Hutson"
"5080163,Liam Ohgren"
"4755752,Akito Hirose"
"5136696,Cole McWard"
"4755761,Jake Livingstone"
"4697719,Matthew Kessel"
"4894366,Jet Greaves"
"4908881,Jett Alexander"
"4268747,Olle Eriksson Ek"
"4894703,Leevi Merilainen"
"5149186,Zach Benson"
"5149227,Andrew Cristall"
"5149195,Eduard Sale"
"5149178,Dalibor Dvorsky"
"5136614,Gavin Brindley"
"5149155,William Smith"
"5149157,David Reinbacher"
"5149158,Dmitriy Simashev"
"5149172,Ryan Leonard"
"5149175,Nate Danielson"
"5149180,Tom Willander"
"5149183,Daniil But"
"5149188,Brayden Yager"
"5149189,Matthew Wood"
"5149191,Samuel Honzek"
"5149192,Axel Sandin Pellikka"
"5149193,Colby Barlow"
"5149194,Oliver Moore"
"5149196,Charlie Stramel"
"5149199,Oliver Bonk"
"5149204,Gabriel Perreault"
"5149206,Tanner Molendyk"
"5149208,Otto Stenberg"
"5149209,Quentin Musty"
"5149210,Calum Ritchie"
"5149211,Easton Cowan"
"5149213,Bradly Nadeau"
"5149214,Mikhail Gulyayev"
"5149216,David Edstrom"
"5149221,Nico Myatovic"
"5149222,Adam Gajan"
"5149223,Kasper Halttunen"
"5149224,Ethan Gauthier"
"5149225,Michael Hrabal"
"5149226,Anton Wahlberg"
"5149228,Trey Augustine"
"5149229,Andrew Gibson"
"5149230,Felix Nilsson"
"5149231,Roman Kantserov"
"5149232,Maxim Strbak"
"5149233,Kalan Lind"
"5149234,Brady Cleveland"
"5149235,Etienne Morin"
"5149236,Danny Nelson"
"5149237,Carson Rehkopf"
"5149238,Carson Bjarnason"
"5149239,Oscar Fisker Molgaard"
"5149240,Rasmus Kumpulainen"
"5149241,Jakub Dvorak"
"5149242,Martin Misiak"
"5149243,Beau Akey"
"5149244,Lukas Dragicevic"
"5149245,Lenni Hameenaho"
"5149246,Carey Terrance"
"5149247,Damian Clara"
"5149248,Tristan Bertucci"
"5149249,Felix Unger Sorum"
"5149250,Gracyn Sawchyn"
"5149251,Riley Heidt"
"4697449,Brock Faber"
"5080221,Matthew Poitras"
"4915856,Dmitri Voronkov"
"4565262,Jackson LaCombe"
"4697468,Will Cuylle"
"4587566,Ty Emberson"
"4588750,Tye Kartye"
"5142461,Uvis Balinskis"
"4697725,Alex Laferriere"
"3942033,Ryan Shea"
"5146592,Waltteri Merela"
